S.Word,Variation,Source,Start,End,Duration,ClipName,ClipStart,ClipEnd,ClipDuration
aburrido,1,Lista-A,00:01.280,00:04.600,3.32,aburrido.mp4,00:00.800,00:05.080,4.28
agua,1,Lista-A,00:05.320,00:08.840,3.52,agua.mp4,00:04.840,00:09.320,4.48
alto,1,Lista-A,00:09.440,00:13.080,3.64,alto.mp4,00:08.960,00:13.560,4.6
amarillo,1,Lista-A,00:13.640,00:17.240,3.6,amarillo.mp4,00:13.160,00:17.720,4.56
amigo,1,Lista-A,00:18.200,00:21.840,3.64,amigo.mp4,00:17.720,00:22.320,4.6
animal,1,Lista-A,00:22.840,00:26.160,3.32,animal.mp4,00:22.360,00:26.640,4.28
araña,1,Lista-A,00:27.200,00:30.600,3.4,arana.mp4,00:26.720,00:31.080,4.36
árbol,1,Lista-A,00:31.840,00:35.760,3.92,arbol.mp4,00:31.360,00:36.240,4.88
Asia,1,Lista-A,00:37.280,00:40.800,3.52,asia.mp4,00:36.800,00:41.280,4.48
auto,1,Lista-A,00:41.960,00:45.880,3.92,auto.mp4,00:41.480,00:46.360,4.88
ave,1,Lista-A,00:46.960,00:51.160,4.2,ave.mp4,00:46.480,00:51.640,5.16
avión,1,Lista-A,00:52.360,00:56.240,3.88,avion.mp4,00:51.880,00:56.720,4.84
ayuda,1,Lista-A,00:57.560,01:01.240,3.68,ayuda.mp4,00:57.080,01:01.720,4.64
bajo,1,Lista-A,01:02.360,01:05.920,3.56,bajo.mp4,01:01.880,01:06.400,4.52
basura,1,Lista-A,01:07.000,01:10.520,3.52,basura.mp4,01:06.520,01:11.000,4.48
baño,1,Lista-A,01:11.840,01:16.040,4.2,bano.mp4,01:11.360,01:16.520,5.16
bebé,1,Lista-A,01:22.000,01:26.120,4.12,bebe.mp4,01:21.520,01:26.600,5.08
bebida,1,Lista-A,01:17.120,01:21.280,4.16,bebida.mp4,01:16.640,01:21.760,5.12
boca,1,Lista-A,01:27.120,01:30.680,3.56,boca.mp4,01:26.640,01:31.160,4.52
botella,1,Lista-A,01:31.640,01:35.880,4.24,botella.mp4,01:31.160,01:36.360,5.2
bueno,1,Lista-A,01:37.080,01:40.720,3.64,bueno.mp4,01:36.600,01:41.200,4.6
caja,1,Lista-A,01:41.680,01:45.160,3.48,caja.mp4,01:41.200,01:45.640,4.44
calendario,1,Lista-A,01:46.320,01:50.560,4.24,calendario.mp4,01:45.840,01:51.040,5.2
cama,1,Lista-A,01:52.200,01:55.880,3.68,cama.mp4,01:51.720,01:56.360,4.64
cámara de fotos,1,Lista-A,01:57.080,02:01.600,4.52,camara_de_fotos.mp4,01:56.600,02:02.080,5.48
caminar,1,Lista-A,02:02.760,02:06.880,4.12,caminar.mp4,02:02.280,02:07.360,5.08
cansado,1,Lista-A,02:08.119,02:12.400,4.281,cansado.mp4,02:07.639,02:12.880,5.241
capitán,1,Lista-A,02:13.520,02:17.200,3.68,capitan.mp4,02:13.040,02:17.680,4.64
casa,1,Lista-A,02:18.480,02:22.240,3.76,casa.mp4,02:18.000,02:22.720,4.72
ciudad,1,Lista-A,02:23.240,02:27.240,4,ciudad.mp4,02:22.760,02:27.720,4.96
clima,1,Lista-A,02:28.280,02:32.640,4.36,clima.mp4,02:27.800,02:33.120,5.32
cocina,1,Lista-A,02:33.800,02:38.000,4.2,cocina.mp4,02:33.320,02:38.480,5.16
cola,1,Lista-A,02:45.400,02:49.600,4.2,cola.mp4,02:44.920,02:50.080,5.16
color,1,Lista-A,02:40.960,02:44.920,3.96,color.mp4,02:40.480,02:45.400,4.92
comida,1,Lista-A,02:55.040,02:58.960,3.92,comida.mp4,02:54.560,02:59.440,4.88
comprar,1,Lista-A,02:50.640,02:53.960,3.32,comprar.mp4,02:50.160,02:54.440,4.28
conocer,1,Lista-A,02:59.960,03:03.880,3.92,conocer.mp4,02:59.480,03:04.360,4.88
contar,1,Lista-A,03:05.280,03:09.160,3.88,contar.mp4,03:04.800,03:09.640,4.84
corazón,1,Lista-A,03:10.280,03:14.080,3.8,corazon.mp4,03:09.800,03:14.560,4.76
cuerpo,1,Lista-A,03:19.640,03:23.240,3.6,cuerpo.mp4,03:19.160,03:23.720,4.56
cumpleaños,1,Lista-A,03:14.880,03:18.880,4,cumpleanos.mp4,03:14.400,03:19.360,4.96
de acuerdo,1,Lista-A,03:24.440,03:28.440,4,de_acuerdo.mp4,03:23.960,03:28.920,4.96
decidir,1,Lista-A,03:33.920,03:37.520,3.6,decidir.mp4,03:33.440,03:38.000,4.56
desaparecer,1,Lista-A,03:29.280,03:32.800,3.52,desaparecer.mp4,03:28.800,03:33.280,4.48
desfile,1,Lista-A,03:38.720,03:44.240,5.52,desfile.mp4,03:38.240,03:44.720,6.48
día,1,Lista-A,03:50.240,03:54.400,4.16,dia.mp4,03:49.760,03:54.880,5.12
difícil,1,Lista-A,03:45.800,03:49.560,3.76,dificil.mp4,03:45.320,03:50.040,4.72
dinero,1,Lista-A,03:55.080,03:58.720,3.64,dinero.mp4,03:54.600,03:59.200,4.6
dirección,1,Lista-A,03:59.760,04:04.240,4.48,direccion.mp4,03:59.280,04:04.720,5.44
discutir,1,Lista-A,04:05.240,04:09.520,4.28,discutir.mp4,04:04.760,04:10.000,5.24
dolor,1,Lista-A,04:10.520,04:14.920,4.4,dolor.mp4,04:10.040,04:15.400,5.36
dolor,2,Lista-A,04:15.480,04:20.040,4.56,dolor_2.mp4,04:15.000,04:20.520,5.52
correr,1,Lista-B,00:01.840,00:06.000,4.16,correr.mp4,00:01.360,00:06.480,5.12
dormir,1,Lista-B,00:06.640,00:09.960,3.32,dormir.mp4,00:06.160,00:10.440,4.28
dos,1,Lista-B,00:10.560,00:13.560,3,dos.mp4,00:10.080,00:14.040,3.96
duda,1,Lista-B,00:14.120,00:17.720,3.6,duda.mp4,00:13.640,00:18.200,4.56
email,1,Lista-B,00:18.360,00:21.640,3.28,email.mp4,00:17.880,00:22.120,4.24
empezar,1,Lista-B,00:22.400,00:26.000,3.6,empezar.mp4,00:21.920,00:26.480,4.56
empujar,1,Lista-B,00:26.560,00:29.800,3.24,empujar.mp4,00:26.080,00:30.280,4.2
enfermo,1,Lista-B,00:30.720,00:33.880,3.16,enfermo.mp4,00:30.240,00:34.360,4.12
enseñar,1,Lista-B,00:34.760,00:38.680,3.92,ensenar.mp4,00:34.280,00:39.160,4.88
entender,1,Lista-B,00:39.360,00:42.600,3.24,entender.mp4,00:38.880,00:43.080,4.2
escribir,1,Lista-B,00:43.320,00:47.080,3.76,escribir.mp4,00:42.840,00:47.560,4.72
escuela,1,Lista-B,00:47.960,00:51.440,3.48,escuela.mp4,00:47.480,00:51.920,4.44
esperanza,1,Lista-B,00:52.040,00:55.760,3.72,esperanza.mp4,00:51.560,00:56.240,4.68
esperar,1,Lista-B,00:56.640,01:01.160,4.52,esperar.mp4,00:56.160,01:01.640,5.48
está bien,1,Lista-B,01:02.120,01:05.440,3.32,esta_bien.mp4,01:01.640,01:05.920,4.28
fácil,1,Lista-B,01:06.080,01:09.440,3.36,facil.mp4,01:05.600,01:09.920,4.32
familia,1,Lista-B,01:10.040,01:14.120,4.08,familia.mp4,01:09.560,01:14.600,5.04
fatal,1,Lista-B,01:15.160,01:18.520,3.36,fatal.mp4,01:14.680,01:19.000,4.32
feliz,1,Lista-B,01:18.880,01:22.480,3.6,feliz.mp4,01:18.400,01:22.960,4.56
feo,1,Lista-B,01:23.080,01:26.760,3.68,feo.mp4,01:22.600,01:27.240,4.64
flor,1,Lista-B,01:27.440,01:30.960,3.52,flor.mp4,01:26.960,01:31.440,4.48
frío,1,Lista-B,01:31.840,01:35.800,3.96,frio.mp4,01:31.360,01:36.280,4.92
fruta,1,Lista-B,01:41.440,01:45.480,4.04,fruta.mp4,01:40.960,01:45.960,5
fuego,1,Lista-B,01:36.680,01:41.000,4.32,fuego.mp4,01:36.200,01:41.480,5.28
fútbol,1,Lista-B,01:46.320,01:50.080,3.76,futbol.mp4,01:45.840,01:50.560,4.72
ganar,1,Lista-B,01:50.600,01:53.920,3.32,ganar.mp4,01:50.120,01:54.400,4.28
Grecia,1,Lista-B,01:54.880,01:58.520,3.64,grecia.mp4,01:54.400,01:59.000,4.6
hablar,1,Lista-B,01:59.120,02:02.720,3.6,hablar.mp4,01:58.640,02:03.200,4.56
hacer,1,Lista-B,02:03.360,02:07.000,3.64,hacer.mp4,02:02.880,02:07.480,4.6
hermana,1,Lista-B,02:07.760,02:11.560,3.8,hermana.mp4,02:07.280,02:12.040,4.76
hijo,1,Lista-B,02:12.600,02:15.680,3.08,hijo.mp4,02:12.120,02:16.160,4.04
historia,1,Lista-B,02:16.800,02:20.000,3.2,historia.mp4,02:16.320,02:20.480,4.16
hombre,1,Lista-B,02:20.520,02:23.920,3.4,hombre.mp4,02:20.040,02:24.400,4.36
horno,1,Lista-B,02:25.360,02:29.200,3.84,horno.mp4,02:24.880,02:29.680,4.8
ignorar,1,Lista-B,02:29.800,02:33.040,3.24,ignorar.mp4,02:29.320,02:33.520,4.2
igual,1,Lista-B,02:33.880,02:37.280,3.4,igual.mp4,02:33.400,02:37.760,4.36
igual,2,Lista-B,02:37.880,02:41.480,3.6,igual_2.mp4,02:37.400,02:41.960,4.56
igual,3,Lista-B,02:42.040,02:46.120,4.08,igual_3.mp4,02:41.560,02:46.600,5.04
importante,1,Lista-B,02:46.920,02:51.000,4.08,importante.mp4,02:46.440,02:51.480,5.04
inglés,1,Lista-B,02:51.720,02:55.720,4,ingles.mp4,02:51.240,02:56.200,4.96
internet,1,Lista-B,02:56.360,03:00.440,4.08,internet.mp4,02:55.880,03:00.920,5.04
intérprete,1,Lista-B,03:01.160,03:05.440,4.28,interprete.mp4,03:00.680,03:05.920,5.24
jefe,1,Lista-B,03:06.160,03:09.960,3.8,jefe.mp4,03:05.680,03:10.440,4.76
joven,1,Lista-B,03:10.760,03:14.520,3.76,joven.mp4,03:10.280,03:15.000,4.72
joven,2,Lista-B,03:14.960,03:18.880,3.92,joven_2.mp4,03:14.480,03:19.360,4.88
jueves,1,Lista-B,03:20.000,03:23.280,3.28,jueves.mp4,03:19.520,03:23.760,4.24
ladrón,1,Lista-B,03:24.480,03:27.880,3.4,ladron.mp4,03:24.000,03:28.360,4.36
leche,1,Lista-B,03:28.960,03:32.280,3.32,leche.mp4,03:28.480,03:32.760,4.28
lengua de señas,1,Lista-B,03:33.160,03:36.880,3.72,lengua_de_senas.mp4,03:32.680,03:37.360,4.68
letra,1,Lista-B,03:37.520,03:41.200,3.68,letra.mp4,03:37.040,03:41.680,4.64
libro,1,Lista-B,03:42.080,03:45.560,3.48,libro.mp4,03:41.600,03:46.040,4.44
lindo,1,Lista-B,03:46.560,03:50.200,3.64,lindo.mp4,03:46.080,03:50.680,4.6
suave,1,Lista-B,03:50.720,03:55.000,4.28,suave.mp4,03:50.240,03:55.480,5.24
llave,1,Lista-B,03:59.840,04:03.400,3.56,llave.mp4,03:59.360,04:03.880,4.52
llegar,1,Lista-B,03:55.720,03:59.400,3.68,llegar.mp4,03:55.240,03:59.880,4.64
llorar,1,Lista-C,00:03.040,00:06.680,3.64,llorar.mp4,00:02.560,00:07.160,4.6
lluvia,1,Lista-C,00:07.360,00:11.440,4.08,lluvia.mp4,00:06.880,00:11.920,5.04
madre,1,Lista-C,00:12.000,00:15.640,3.64,madre.mp4,00:11.520,00:16.120,4.6
malo,1,Lista-C,00:16.680,00:19.960,3.28,malo.mp4,00:16.200,00:20.440,4.24
marruecos,1,Lista-C,00:34.560,00:38.640,4.08,marruecos.mp4,00:34.080,00:39.120,5.04
martillo,1,Lista-C,00:25.600,00:29.560,3.96,martillo.mp4,00:25.120,00:30.040,4.92
matemáticas,1,Lista-C,00:39.120,00:42.800,3.68,matematicas.mp4,00:38.640,00:43.280,4.64
meningitis,1,Lista-C,00:43.200,00:47.480,4.28,meningitis.mp4,00:42.720,00:47.960,5.24
mente,1,Lista-C,00:56.520,01:00.240,3.72,mente.mp4,00:56.040,01:00.720,4.68
mentira,1,Lista-C,00:48.120,00:51.680,3.56,mentira.mp4,00:47.640,00:52.160,4.52
mirar,1,Lista-C,01:09.760,01:13.680,3.92,mirar.mp4,01:09.280,01:14.160,4.88
morir,1,Lista-C,01:01.280,01:04.920,3.64,morir.mp4,01:00.800,01:05.400,4.6
morir,2,Lista-C,01:05.400,01:09.400,4,morir_2.mp4,01:04.920,01:09.880,4.96
mucho,1,Lista-C,01:14.200,01:18.160,3.96,mucho.mp4,01:13.720,01:18.640,4.92
lleno,1,Lista-C,01:18.480,01:22.960,4.48,lleno.mp4,01:18.000,01:23.440,5.44
música,1,Lista-C,01:28.160,01:32.840,4.68,musica.mp4,01:27.680,01:33.320,5.64
muy mal,1,Lista-C,01:24.160,01:27.520,3.36,muy_mal.mp4,01:23.680,01:28.000,4.32
nada,1,Lista-C,01:33.880,01:37.600,3.72,nada.mp4,01:33.400,01:38.080,4.68
nada,2,Lista-C,01:38.360,01:42.440,4.08,nada_2.mp4,01:37.880,01:42.920,5.04
negro,1,Lista-C,01:43.360,01:47.560,4.2,negro.mp4,01:42.880,01:48.040,5.16
niños,1,Lista-C,01:48.400,01:51.920,3.52,ninos.mp4,01:47.920,01:52.400,4.48
no,1,Lista-C,01:52.640,01:55.960,3.32,no.mp4,01:52.160,01:56.440,4.28
noche,1,Lista-C,01:56.680,02:00.240,3.56,noche.mp4,01:56.200,02:00.720,4.52
nombre,1,Lista-C,02:01.120,02:04.520,3.4,nombre.mp4,02:00.640,02:05.000,4.36
nuevo,1,Lista-C,02:05.360,02:08.680,3.32,nuevo.mp4,02:04.880,02:09.160,4.28
números,1,Lista-C,02:09.480,02:13.200,3.72,numeros.mp4,02:09.000,02:13.680,4.68
nunca,1,Lista-C,02:13.840,02:17.360,3.52,nunca.mp4,02:13.360,02:17.840,4.48
ojo,1,Lista-C,02:18.120,02:21.880,3.76,ojo.mp4,02:17.640,02:22.360,4.72
ojo,2,Lista-C,02:22.560,02:26.320,3.76,ojo_2.mp4,02:22.080,02:26.800,4.72
padre,1,Lista-C,02:27.080,02:30.480,3.4,padre.mp4,02:26.600,02:30.960,4.36
padres,1,Lista-C,02:31.400,02:35.160,3.76,padres.mp4,02:30.920,02:35.640,4.72
país,1,Lista-C,02:35.920,02:39.840,3.92,pais.mp4,02:35.440,02:40.320,4.88
pan,1,Lista-C,02:40.320,02:43.920,3.6,pan.mp4,02:39.840,02:44.400,4.56
papel,1,Lista-C,02:44.840,02:48.600,3.76,papel.mp4,02:44.360,02:49.080,4.72
pasado,1,Lista-C,02:49.440,02:53.160,3.72,pasado.mp4,02:48.960,02:53.640,4.68
payaso,1,Lista-C,02:54.160,02:57.840,3.68,payaso.mp4,02:53.680,02:58.320,4.64
paz,1,Lista-C,02:59.280,03:03.880,4.6,paz.mp4,02:58.800,03:04.360,5.56
pelea,1,Lista-C,03:04.760,03:09.080,4.32,pelea.mp4,03:04.280,03:09.560,5.28
pelo,1,Lista-C,03:14.600,03:18.400,3.8,pelo.mp4,03:14.120,03:18.880,4.76
pelota,1,Lista-C,03:09.920,03:13.440,3.52,pelota.mp4,03:09.440,03:13.920,4.48
pensar,1,Lista-C,03:19.120,03:22.880,3.76,pensar.mp4,03:18.640,03:23.360,4.72
perdón,1,Lista-C,03:23.520,03:27.240,3.72,perdon.mp4,03:23.040,03:27.720,4.68
perro,1,Lista-C,03:28.080,03:31.720,3.64,perro.mp4,03:27.600,03:32.200,4.6
persona,1,Lista-C,03:32.400,03:35.600,3.2,persona.mp4,03:31.920,03:36.080,4.16
personas,1,Lista-C,03:36.040,03:39.720,3.68,personas.mp4,03:35.560,03:40.200,4.64
pez,1,Lista-C,03:40.720,03:44.120,3.4,pez.mp4,03:40.240,03:44.600,4.36
pobre,1,Lista-C,03:45.360,03:49.080,3.72,pobre.mp4,03:44.880,03:49.560,4.68
poco,1,Lista-C,03:50.000,03:53.400,3.4,poco.mp4,03:49.520,03:53.880,4.36
poder,1,Lista-C,03:54.400,03:58.000,3.6,poder.mp4,03:53.920,03:58.480,4.56
policía,1,Lista-C,03:58.680,04:02.520,3.84,policia.mp4,03:58.200,04:03.000,4.8
política,1,Lista-C,04:03.000,04:07.000,4,politica.mp4,04:02.520,04:07.480,4.96
por favor,1,Lista-C,04:07.520,04:11.240,3.72,por_favor.mp4,04:07.040,04:11.720,4.68
por supuesto,1,Lista-C,04:11.640,04:15.040,3.4,por_supuesto.mp4,04:11.160,04:15.520,4.36
pregunta,1,Lista-C,04:15.400,04:19.440,4.04,pregunta.mp4,04:14.920,04:19.920,5
preocupado,1,Lista-C,04:19.680,04:24.000,4.32,preocupado.mp4,04:19.200,04:24.480,5.28
punto,1,Lista-C,04:29.200,04:32.680,3.48,punto.mp4,04:28.720,04:33.160,4.44
radio,1,Lista-D,00:01.760,00:05.360,3.6,radio.mp4,00:01.280,00:05.840,4.56
rápido,1,Lista-D,00:06.400,00:09.640,3.24,rapido.mp4,00:05.920,00:10.120,4.2
red de pesca,1,Lista-D,00:10.440,00:14.920,4.48,red_de_pesca.mp4,00:09.960,00:15.400,5.44
relajarse,1,Lista-D,00:15.800,00:19.440,3.64,relajarse.mp4,00:15.320,00:19.920,4.6
remera,1,Lista-D,00:20.520,00:24.360,3.84,remera.mp4,00:20.040,00:24.840,4.8
responsabilidad,1,Lista-D,00:25.480,00:29.040,3.56,responsabilidad.mp4,00:25.000,00:29.520,4.52
rey,1,Lista-D,00:29.720,00:33.840,4.12,rey.mp4,00:29.240,00:34.320,5.08
risa,1,Lista-D,00:34.680,00:38.480,3.8,risa.mp4,00:34.200,00:38.960,4.76
rojo,1,Lista-D,00:39.400,00:43.240,3.84,rojo.mp4,00:38.920,00:43.720,4.8
romper,1,Lista-D,00:43.720,00:47.320,3.6,romper.mp4,00:43.240,00:47.800,4.56
romper,2,Lista-D,00:47.880,00:51.880,4,romper_2.mp4,00:47.400,00:52.360,4.96
sábado,1,Lista-D,00:52.600,00:56.320,3.72,sabado.mp4,00:52.120,00:56.800,4.68
saber,1,Lista-D,00:57.120,01:00.760,3.64,saber.mp4,00:56.640,01:01.240,4.6
salud,1,Lista-D,01:01.720,01:05.440,3.72,salud.mp4,01:01.240,01:05.920,4.68
sangre,1,Lista-D,01:06.280,01:10.080,3.8,sangre.mp4,01:05.800,01:10.560,4.76
sangre,2,Lista-D,01:10.760,01:14.960,4.2,sangre_2.mp4,01:10.280,01:15.440,5.16
secador de pelo,1,Lista-D,01:15.800,01:20.080,4.28,secador_de_pelo.mp4,01:15.320,01:20.560,5.24
seguro,1,Lista-D,01:21.360,01:25.200,3.84,seguro.mp4,01:20.880,01:25.680,4.8
seguro,2,Lista-D,01:26.040,01:30.080,4.04,seguro_2.mp4,01:25.560,01:30.560,5
semana,1,Lista-D,01:31.280,01:35.480,4.2,semana.mp4,01:30.800,01:35.960,5.16
semana,2,Lista-D,01:36.360,01:40.320,3.96,semana_2.mp4,01:35.880,01:40.800,4.92
soledad,1,Lista-D,01:46.200,01:50.240,4.04,soledad.mp4,01:45.720,01:50.720,5
sonreír,1,Lista-D,01:51.160,01:54.880,3.72,sonreir.mp4,01:50.680,01:55.360,4.68
sordo,1,Lista-D,01:41.120,01:45.320,4.2,sordo.mp4,01:40.640,01:45.800,5.16
subtitulos,1,Lista-D,01:55.840,01:59.720,3.88,subtitulos.mp4,01:55.360,02:00.200,4.84
suertudo,1,Lista-D,02:01.000,02:04.760,3.76,suertudo.mp4,02:00.520,02:05.240,4.72
sueño,1,Lista-D,02:11.320,02:15.800,4.48,sueno.mp4,02:10.840,02:16.280,5.44
sueño,2,Lista-D,02:16.680,02:21.880,5.2,sueno_2.mp4,02:16.200,02:22.360,6.16
sueño,3,Lista-D,02:22.280,02:26.840,4.56,sueno_3.mp4,02:21.800,02:27.320,5.52
sánguche,1,Lista-D,02:28.680,02:32.439,3.759,sanguche.mp4,02:28.200,02:32.919,4.719
tarjeta de credito,1,Lista-D,02:33.520,02:38.160,4.64,tarjeta_de_credito.mp4,02:33.040,02:38.640,5.6
teatro,1,Lista-D,02:39.120,02:43.880,4.76,teatro.mp4,02:38.640,02:44.360,5.72
terminar,1,Lista-D,02:44.400,02:48.120,3.72,terminar.mp4,02:43.920,02:48.600,4.68
tiempo,1,Lista-D,02:48.720,02:52.360,3.64,tiempo.mp4,02:48.240,02:52.840,4.6
tirar,1,Lista-D,02:53.560,02:56.680,3.12,tirar.mp4,02:53.080,02:57.160,4.08
tortuga,1,Lista-D,02:58.000,03:02.200,4.2,tortuga.mp4,02:57.520,03:02.680,5.16
trabajo,1,Lista-D,03:03.120,03:07.440,4.32,trabajo.mp4,03:02.640,03:07.920,5.28
tranquilo,1,Lista-D,03:08.320,03:12.000,3.68,tranquilo.mp4,03:07.840,03:12.480,4.64
tren,1,Lista-D,03:12.960,03:17.560,4.6,tren.mp4,03:12.480,03:18.040,5.56
triste,1,Lista-D,03:18.320,03:22.040,3.72,triste.mp4,03:17.840,03:22.520,4.68
universidad,1,Lista-D,03:22.640,03:26.560,3.92,universidad.mp4,03:22.160,03:27.040,4.88
vaca,1,Lista-D,03:27.480,03:31.160,3.68,vaca.mp4,03:27.000,03:31.640,4.64
veneno,1,Lista-D,03:32.200,03:36.160,3.96,veneno.mp4,03:31.720,03:36.640,4.92
verano,1,Lista-D,03:36.760,03:40.800,4.04,verano.mp4,03:36.280,03:41.280,5
verano,2,Lista-D,03:41.200,03:45.680,4.48,verano_2.mp4,03:40.720,03:46.160,5.44
verdad,1,Lista-D,03:46.600,03:50.280,3.68,verdad.mp4,03:46.120,03:50.760,4.64
verde,1,Lista-D,03:50.720,03:54.480,3.76,verde.mp4,03:50.240,03:54.960,4.72
verdura,1,Lista-D,03:54.960,03:58.560,3.6,verdura.mp4,03:54.480,03:59.040,4.56
vida,1,Lista-D,03:59.200,04:03.040,3.84,vida.mp4,03:58.720,04:03.520,4.8
viernes,1,Lista-D,04:03.720,04:07.520,3.8,viernes.mp4,04:03.240,04:08.000,4.76
yo,1,Lista-D,04:08.039,04:11.960,3.921,yo.mp4,04:07.559,04:12.440,4.881
zorro,1,Lista-D,04:12.240,04:16.320,4.08,zorro.mp4,04:11.760,04:16.800,5.04
manteca,1,Lista-E,00:01.960,00:05.760,3.8,manteca.mp4,00:01.480,00:06.240,4.76
dolor de cabeza,1,Lista-E,00:06.080,00:09.680,3.6,dolor_de_cabeza.mp4,00:05.600,00:10.160,4.56
hambriento,1,Lista-E,00:13.880,00:17.520,3.64,hambriento.mp4,00:13.400,00:18.000,4.6
graduado,1,Lista-E,00:10.080,00:13.520,3.44,graduado.mp4,00:09.600,00:14.000,4.4
pasto,1,Lista-E,00:18.120,00:21.560,3.44,pasto.mp4,00:17.640,00:22.040,4.4
enojado,1,Lista-E,00:22.440,00:25.880,3.44,enojado.mp4,00:21.960,00:26.360,4.4
bowl,1,Lista-E,00:26.840,00:30.320,3.48,bowl.mp4,00:26.360,00:30.800,4.44
tijeras,1,Lista-E,00:31.040,00:34.560,3.52,tijeras.mp4,00:30.560,00:35.040,4.48
paraguas,1,Lista-E,00:35.480,00:39.480,4,paraguas.mp4,00:35.000,00:39.960,4.96
chancho,1,Lista-E,00:40.400,00:44.680,4.28,chancho.mp4,00:39.920,00:45.160,5.24
snob,1,Lista-E,00:46.280,00:49.480,3.2,snob.mp4,00:45.800,00:49.960,4.16
armario,1,Lista-E,00:50.520,00:54.360,3.84,armario.mp4,00:50.040,00:54.840,4.8
puesta de sol,1,Lista-E,00:55.040,01:00.000,4.96,puesta_de_sol.mp4,00:54.560,01:00.480,5.92
miedo,1,Lista-E,01:01.160,01:04.960,3.8,miedo.mp4,01:00.680,01:05.440,4.76
hamburguesa,1,Lista-E,01:05.880,01:09.760,3.88,hamburguesa.mp4,01:05.400,01:10.240,4.84
mariposa,1,Lista-E,01:10.760,01:14.640,3.88,mariposa.mp4,01:10.280,01:15.120,4.84
vergonzoso,1,Lista-E,01:16.480,01:20.080,3.6,vergonzoso.mp4,01:16.000,01:20.560,4.56
divorcio,1,Lista-E,01:21.360,01:24.800,3.44,divorcio.mp4,01:20.880,01:25.280,4.4
conejo,1,Lista-E,01:26.040,01:30.560,4.52,conejo.mp4,01:25.560,01:31.040,5.48
caramelo,1,Lista-E,01:31.640,01:35.400,3.76,caramelo.mp4,01:31.160,01:35.880,4.72
tarta,1,Lista-E,01:36.320,01:40.040,3.72,tarta.mp4,01:35.840,01:40.520,4.68
callado,1,Lista-E,01:46.680,01:50.920,4.24,callado.mp4,01:46.200,01:51.400,5.2
enfermera,1,Lista-E,01:51.600,01:55.840,4.24,enfermera.mp4,01:51.120,01:56.320,5.2
maravilla,1,Lista-F,00:01.960,00:05.040,3.08,maravilla.mp4,00:01.480,00:05.520,4.04
ciego,1,Lista-E,01:57.000,02:01.280,4.28,ciego.mp4,01:56.520,02:01.760,5.24
imaginar,1,Lista-E,02:02.880,02:06.680,3.8,imaginar.mp4,02:02.400,02:07.160,4.76
granja,1,Lista-E,02:08.360,02:11.920,3.56,granja.mp4,02:07.880,02:12.400,4.52
cuchillo,1,Lista-E,02:17.960,02:22.360,4.4,cuchillo.mp4,02:17.480,02:22.840,5.36
sombrero,1,Lista-E,02:13.160,02:17.240,4.08,sombrero.mp4,02:12.680,02:17.720,5.04
ensalada,1,Lista-E,02:23.120,02:27.360,4.24,ensalada.mp4,02:22.640,02:27.840,5.2
deuda,1,Lista-E,02:28.640,02:32.360,3.72,deuda.mp4,02:28.160,02:32.840,4.68
muchacho,1,Lista-E,02:33.080,02:37.160,4.08,muchacho.mp4,02:32.600,02:37.640,5.04
silla,1,Lista-E,02:38.080,02:41.680,3.6,silla.mp4,02:37.600,02:42.160,4.56
maleducado,1,Lista-E,02:42.720,02:46.000,3.28,maleducado.mp4,02:42.240,02:46.480,4.24
honesto,1,Lista-E,02:51.280,02:55.080,3.8,honesto.mp4,02:50.800,02:55.560,4.76
carta,1,Lista-E,02:46.800,02:50.360,3.56,carta.mp4,02:46.320,02:50.840,4.52
error,1,Lista-E,03:00.360,03:04.160,3.8,error.mp4,02:59.880,03:04.640,4.76
valiente,1,Lista-E,02:56.040,02:59.680,3.64,valiente.mp4,02:55.560,03:00.160,4.6
estrella,1,Lista-E,03:05.200,03:09.360,4.16,estrella.mp4,03:04.720,03:09.840,5.12
caballo,1,Lista-E,01:41.280,01:45.960,4.68,caballo.mp4,01:40.800,01:46.440,5.64
paciente,1,Lista-E,03:10.400,03:14.200,3.8,paciente.mp4,03:09.920,03:14.680,4.76
amigable,1,Lista-E,03:25.320,03:29.400,4.08,amigable.mp4,03:24.840,03:29.880,5.04
chocolate,1,Lista-E,03:15.760,03:19.600,3.84,chocolate.mp4,03:15.280,03:20.080,4.8
lento,1,Lista-E,03:20.720,03:24.880,4.16,lento.mp4,03:20.240,03:25.360,5.12
serio,1,Lista-E,03:30.840,03:34.040,3.2,serio.mp4,03:30.360,03:34.520,4.16
gordo,1,Lista-E,03:35.760,03:39.480,3.72,gordo.mp4,03:35.280,03:39.960,4.68
tonto,1,Lista-E,03:40.040,03:43.760,3.72,tonto.mp4,03:39.560,03:44.240,4.68
solitario,1,Lista-E,03:49.680,03:54.480,4.8,solitario.mp4,03:49.200,03:54.960,5.76
viajar,1,Lista-E,03:45.280,03:49.080,3.8,viajar.mp4,03:44.800,03:49.560,4.76
ejercitar,1,Lista-F,00:05.360,00:09.120,3.76,ejercitar.mp4,00:04.880,00:09.600,4.72
hospital,1,Lista-E,03:55.480,03:58.960,3.48,hospital.mp4,03:55.000,03:59.440,4.44
iglesia,1,Lista-E,04:00.200,04:04.360,4.16,iglesia.mp4,03:59.720,04:04.840,5.12
accidente,1,Lista-E,04:05.720,04:09.320,3.6,accidente.mp4,04:05.240,04:09.800,4.56
medicina,1,Lista-E,04:10.760,04:14.960,4.2,medicina.mp4,04:10.280,04:15.440,5.16
hogar,1,Lista-F,00:10.480,00:13.840,3.36,hogar.mp4,00:10.000,00:14.320,4.32
desear,1,Lista-E,04:17.480,04:21.840,4.36,desear.mp4,04:17.000,04:22.320,5.32
vacacionar,1,Lista-E,04:22.280,04:25.920,3.64,vacacionar.mp4,04:21.800,04:26.400,4.6
mundo,1,Lista-E,04:26.640,04:30.960,4.32,mundo.mp4,04:26.160,04:31.440,5.28
duro,1,Lista-E,04:36.040,04:40.000,3.96,duro.mp4,04:35.560,04:40.480,4.92
azul,1,Lista-E,04:31.920,04:35.560,3.64,azul.mp4,04:31.440,04:36.040,4.6
aprender,1,Lista-E,04:41.400,04:45.240,3.84,aprender.mp4,04:40.920,04:45.720,4.8
problema,1,Lista-E,04:46.280,04:49.920,3.64,problema.mp4,04:45.800,04:50.400,4.6
